[
  {
    "model": "product.discount",
    "pk": 1,
    "fields": {
      "amount": 50,
      "description": "first test discount",
      "type": "cent"
    }
  },
  {
    "model": "product.discount",
    "pk": 2,
    "fields": {
      "amount": 200,
      "description": "second test discount",
      "type": "val"
    }
  },
  {
    "model": "product.discount",
    "pk": 3,
    "fields": {
      "amount": 100,
      "description": "third test discount",
      "type": "val"
    }
  },
  {
    "model": "product.discount",
    "pk": 4,
    "fields": {
      "amount": 10,
      "description": "forth test discount",
      "type": "cent"
    }
  },
  {
    "model": "product.discount",
    "pk": 5,
    "fields": {
      "amount": 50,
      "description": "fifth test discount",
      "type": "cent"
    }
  },
  {
    "model": "product.discount",
    "pk": 6,
    "fields": {
      "amount": 75,
      "description": "sixth test discount",
      "type": "cent"
    }
  },
  {
    "model": "product.discount",
    "pk": 7,
    "fields": {
      "amount": 200,
      "description": "seventh test discount",
      "type": "val"
    }
  },
  {
    "model": "product.discount",
    "pk": 8,
    "fields": {
      "amount": 500,
      "description": "eighth test discount",
      "type": "val"
    }
  },
  {
    "model": "product.discount",
    "pk": 9,
    "fields": {
      "amount": 150,
      "description": "ninth test discount",
      "type": "cent"
    }
  },
  {
    "model": "product.discount",
    "pk": 10,
    "fields": {
      "amount": 15,
      "description": "tenth test discount",
      "type": "cent"
    }
  },
  {
    "model": "product.brand",
    "pk": 1,
    "fields": {
      "name": "first brand",
      "discount": 1,
      "create_datetime": "2023-08-29T10:00:00+00:00",
      "modify_datetime": "2023-09-19T10:00:00+00:00"
    }
  },
  {
    "model": "product.brand",
    "pk": 2,
    "fields": {
      "name": "second brand",
      "create_datetime": "2023-08-29T10:00:00+00:00",
      "modify_datetime": "2023-09-19T10:00:00+00:00"
    }
  },
  {
    "model": "product.brand",
    "pk": 3,
    "fields": {
      "name": "third brand",
      "create_datetime": "2023-08-29T10:00:00+00:00",
      "modify_datetime": "2023-09-19T10:00:00+00:00"
    }
  },
  {
    "model": "product.brand",
    "pk": 4,
    "fields": {
      "name": "forth brand",
      "discount": 3,
      "create_datetime": "2023-08-29T10:00:00+00:00",
      "modify_datetime": "2023-09-19T10:00:00+00:00"
    }
  },
  {
    "model": "product.brand",
    "pk": 5,
    "fields": {
      "name": "fifth brand",
      "create_datetime": "2023-08-29T10:00:00+00:00",
      "modify_datetime": "2023-09-19T10:00:00+00:00"
    }
  },
  {
    "model": "product.brand",
    "pk": 6,
    "fields": {
      "name": "sixth brand",
      "create_datetime": "2023-08-29T10:00:00+00:00",
      "modify_datetime": "2023-09-19T10:00:00+00:00"
    }
  },
  {
    "model": "product.brand",
    "pk": 7,
    "fields": {
      "name": "seventh brand",
      "create_datetime": "2023-08-29T10:00:00+00:00",
      "modify_datetime": "2023-09-19T10:00:00+00:00"
    }
  },
  {
    "model": "product.category",
    "pk": 1,
    "fields": {
      "name": "First Test Category",
      "create_datetime": "2023-08-29T10:00:00+00:00",
      "modify_datetime": "2023-09-19T10:00:00+00:00",
      "discount": 2
    }
  },
  {
    "model": "product.category",
    "pk": 2,
    "fields": {
      "name": "Second Test Category",
      "create_datetime": "2023-08-30T10:00:00+00:00",
      "modify_datetime": "2023-09-19T10:00:00+00:00"
    }
  },
  {
    "model": "product.category",
    "pk": 3,
    "fields": {
      "name": "Third Test Category",
      "create_datetime": "2023-09-01T10:00:00+00:00",
      "modify_datetime": "2023-09-19T10:00:00+00:00",
      "discount": 4
    }
  },
  {
    "model": "product.category",
    "pk": 4,
    "fields": {
      "name": "Forth Test Category",
      "create_datetime": "2023-09-02T10:00:00+00:00",
      "modify_datetime": "2023-09-19T10:00:00+00:00"
    }
  },
  {
    "model": "product.category",
    "pk": 5,
    "fields": {
      "name": "Fifth Test Category",
      "create_datetime": "2023-09-03T10:00:00+00:00",
      "modify_datetime": "2023-09-19T10:00:00+00:00"
    }
  },
  {
    "model": "product.category",
    "pk": 6,
    "fields": {
      "name": "Sixth Test Category",
      "create_datetime": "2023-09-04T10:00:00+00:00",
      "modify_datetime": "2023-09-19T10:00:00+00:00"
    }
  },
  {
    "model": "product.category",
    "pk": 7,
    "fields": {
      "name": "Seventh Test Category",
      "create_datetime": "2023-09-05T10:00:00+00:00",
      "modify_datetime": "2023-09-19T10:00:00+00:00"
    }
  },
  {
    "model": "product.category",
    "pk": 8,
    "fields": {
      "name": "Eighth Test Category",
      "create_datetime": "2023-09-06T10:00:00+00:00",
      "modify_datetime": "2023-09-19T10:00:00+00:00"
    }
  },
  {
    "model": "product.product",
    "pk": 1,
    "fields": {
      "name": "First Test Product",
      "category": 1,
      "brand": 1,
      "price": 1000,
      "description": "test product one description",
      "count": 100,
      "create_datetime": "2023-09-06T10:00:00+00:00",
      "modify_datetime": "2023-09-19T10:00:00+00:00"
    }
  },
  {
    "model": "product.product",
    "pk": 2,
    "fields": {
      "name": "Second Test Product",
      "category": 1,
      "brand": 1,
      "price": 200,
      "description": "test product two description",
      "count": 100,
      "create_datetime": "2023-09-06T10:00:00+00:00",
      "modify_datetime": "2023-09-19T10:00:00+00:00"
    }
  },
  {
    "model": "product.product",
    "pk": 3,
    "fields": {
      "name": "Third Test Product",
      "category": 1,
      "brand": 2,
      "price": 10000,
      "discount": 10,
      "description": "test product three description",
      "count": 100,
      "create_datetime": "2023-09-06T10:00:00+00:00",
      "modify_datetime": "2023-09-19T10:00:00+00:00"
    }
  },
  {
    "model": "product.product",
    "pk": 4,
    "fields": {
      "name": "Fourth Test Product",
      "category": 2,
      "brand": 3,
      "price": 5000,
      "description": "test product four description",
      "count": 100,
      "create_datetime": "2023-09-06T10:00:00+00:00",
      "modify_datetime": "2023-09-19T10:00:00+00:00"
    }
  },
  {
    "model": "product.product",
    "pk": 5,
    "fields": {
      "name": "Fifth Test Product",
      "category": 2,
      "brand": 3,
      "price": 1800,
      "discount": 9,
      "description": "test product five description",
      "count": 100,
      "create_datetime": "2023-09-06T10:00:00+00:00",
      "modify_datetime": "2023-09-19T10:00:00+00:00"
    }
  },
  {
    "model": "product.product",
    "pk": 6,
    "fields": {
      "name": "Sixth Test Product",
      "category": 5,
      "brand": 4,
      "price": 50,
      "discount": 8,
      "description": "test product six description",
      "count": 100,
      "create_datetime": "2023-09-06T10:00:00+00:00",
      "modify_datetime": "2023-09-19T10:00:00+00:00"
    }
  },
  {
    "model": "product.product",
    "pk": 7,
    "fields": {
      "name": "Seventh Test Product",
      "category": 5,
      "brand": 1,
      "price": 1000,
      "description": "test product seven description",
      "count": 100,
      "create_datetime": "2023-09-06T10:00:00+00:00",
      "modify_datetime": "2023-09-19T10:00:00+00:00"
    }
  },
  {
    "model": "product.product",
    "pk": 8,
    "fields": {
      "name": "Eighth Test Product",
      "category": 7,
      "brand": 1,
      "price": 100000,
      "discount": 7,
      "description": "test product eight description",
      "count": 100,
      "create_datetime": "2023-09-06T10:00:00+00:00",
      "modify_datetime": "2023-09-19T10:00:00+00:00"
    }
  },
  {
    "model": "product.product",
    "pk": 9,
    "fields": {
      "name": "Ninth Test Product",
      "category": 6,
      "brand": 6,
      "price": 1000,
      "description": "test product nine description",
      "count": 100,
      "create_datetime": "2023-09-06T10:00:00+00:00",
      "modify_datetime": "2023-09-19T10:00:00+00:00"
    }
  },
  {
    "model": "product.product",
    "pk": 10,
    "fields": {
      "name": "Tenth Test Product",
      "category": 6,
      "brand": 6,
      "price": 1000,
      "description": "test product ten description",
      "count": 100,
      "create_datetime": "2023-09-06T10:00:00+00:00",
      "modify_datetime": "2023-09-19T10:00:00+00:00"
    }
  },
  {
    "model": "product.product",
    "pk": 11,
    "fields": {
      "name": "Eleventh Test Product",
      "category": 8,
      "brand": 6,
      "price": 1000,
      "description": "test product eleven description",
      "count": 100,
      "create_datetime": "2023-09-06T10:00:00+00:00",
      "modify_datetime": "2023-09-19T10:00:00+00:00"
    }
  },
  {
    "model": "product.product",
    "pk": 12,
    "fields": {
      "name": "Twelfth Test Product",
      "category": 6,
      "brand": 6,
      "price": 1000,
      "description": "test product twelve description",
      "count": 100,
      "create_datetime": "2023-09-06T10:00:00+00:00",
      "modify_datetime": "2023-09-19T10:00:00+00:00"
    }
  },
  {
    "model": "product.product",
    "pk": 13,
    "fields": {
      "name": "Thirteenth Test Product",
      "category": 8,
      "brand": 4,
      "price": 1000,
      "discount": 6,
      "description": "test product thirteen description",
      "count": 100,
      "create_datetime": "2023-09-06T10:00:00+00:00",
      "modify_datetime": "2023-09-19T10:00:00+00:00"
    }
  },
  {
    "model": "product.product",
    "pk": 14,
    "fields": {
      "name": "Fourteenth Test Product",
      "category": 8,
      "brand": 5,
      "price": 750,
      "discount": 5,
      "description": "test product fourteen description",
      "count": 100,
      "create_datetime": "2023-09-06T10:00:00+00:00",
      "modify_datetime": "2023-09-19T10:00:00+00:00"
    }
  },
  {
    "model": "product.product",
    "pk": 15,
    "fields": {
      "name": "Fifteenth Test Product",
      "category": 1,
      "brand": 5,
      "price": 1100,
      "description": "test product fifteen description",
      "count": 100,
      "create_datetime": "2023-09-06T10:00:00+00:00",
      "modify_datetime": "2023-09-19T10:00:00+00:00"
    }
  },
  {
    "model": "product.product",
    "pk": 16,
    "fields": {
      "name": "Sixteenth Test Product",
      "category": 7,
      "brand": 3,
      "price": 15700,
      "description": "test product sixteen description",
      "count": 100,
      "create_datetime": "2023-09-06T10:00:00+00:00",
      "modify_datetime": "2023-09-19T10:00:00+00:00"
    }
  },
  {
    "model": "product.product",
    "pk": 17,
    "fields": {
      "name": "Seventeenth Test Product",
      "category": 7,
      "brand": 3,
      "price": 10000,
      "description": "test product seventeen description",
      "count": 100,
      "create_datetime": "2023-09-06T10:00:00+00:00",
      "modify_datetime": "2023-09-19T10:00:00+00:00"
    }
  },
  {
    "model": "product.product",
    "pk": 18,
    "fields": {
      "name": "Eighteenth Test Product",
      "category": 4,
      "brand": 1,
      "price": 1000,
      "description": "test product eighteen description",
      "count": 100,
      "create_datetime": "2023-09-06T10:00:00+00:00",
      "modify_datetime": "2023-09-19T10:00:00+00:00"
    }
  },
  {
    "model": "product.product",
    "pk": 19,
    "fields": {
      "name": "Nineteenth Test Product",
      "category": 4,
      "brand": 1,
      "price": 1000,
      "description": "test product nineteen description",
      "count": 100,
      "create_datetime": "2023-09-06T10:00:00+00:00",
      "modify_datetime": "2023-09-19T10:00:00+00:00"
    }
  },
  {
    "model": "product.product",
    "pk": 20,
    "fields": {
      "name": "Twentieth Test Product",
      "category": 4,
      "brand": 1,
      "price": 1000,
      "description": "test product twenty description",
      "count": 100,
      "create_datetime": "2023-09-06T10:00:00+00:00",
      "modify_datetime": "2023-09-19T10:00:00+00:00"
    }
  },
  {
    "model": "product.comment",
    "pk": 1,
    "fields": {
      "content": "It's great",
      "product": 1,
      "create_datetime": "2023-09-06T10:00:00+00:00",
      "modify_datetime": "2023-09-19T10:00:00+00:00"
    }
  },
  {
    "model": "product.comment",
    "pk": 2,
    "fields": {
      "content": "It's awsome",
      "product": 1,
      "create_datetime": "2023-09-06T10:00:00+00:00",
      "modify_datetime": "2023-09-19T10:00:00+00:00"
    }
  },
  {
    "model": "product.comment",
    "pk": 3,
    "fields": {
      "content": "It's fantastic",
      "product": 1,
      "create_datetime": "2023-09-06T10:00:00+00:00",
      "modify_datetime": "2023-09-19T10:00:00+00:00"
    }
  },
  {
    "model": "product.comment",
    "pk": 4,
    "fields": {
      "content": "poor quality",
      "product": 1,
      "create_datetime": "2023-09-06T10:00:00+00:00",
      "modify_datetime": "2023-09-19T10:00:00+00:00"
    }
  },
  {
    "model": "product.comment",
    "pk": 5,
    "fields": {
      "content": "expensive!!!!!!!",
      "product": 1,
      "create_datetime": "2023-09-06T10:00:00+00:00",
      "modify_datetime": "2023-09-19T10:00:00+00:00"
    }
  },
  {
    "model": "product.comment",
    "pk": 6,
    "fields": {
      "content": "thanks",
      "product": 1,
      "parent_comment": 2,
      "create_datetime": "2023-09-06T10:00:00+00:00",
      "modify_datetime": "2023-09-19T10:00:00+00:00"
    }
  },
  {
    "model": "product.comment",
    "pk": 7,
    "fields": {
      "content": "best product ever",
      "product": 1,
      "parent_comment": 3,
      "create_datetime": "2023-09-06T10:00:00+00:00",
      "modify_datetime": "2023-09-19T10:00:00+00:00"
    }
  },
  {
    "model": "product.comment",
    "pk": 8,
    "fields": {
      "content": "yes",
      "product": 1,
      "parent_comment": 4,
      "create_datetime": "2023-09-06T10:00:00+00:00",
      "modify_datetime": "2023-09-19T10:00:00+00:00"
    }
  },
  {
    "model": "product.comment",
    "pk": 9,
    "fields": {
      "content": "worked for me",
      "product": 1,
      "parent_comment": 4,
      "create_datetime": "2023-09-06T10:00:00+00:00",
      "modify_datetime": "2023-09-19T10:00:00+00:00"
    }
  },
  {
    "model": "product.comment",
    "pk": 10,
    "fields": {
      "content": "yeah",
      "product": 1,
      "parent_comment": 5,
      "create_datetime": "2023-09-06T10:00:00+00:00",
      "modify_datetime": "2023-09-19T10:00:00+00:00"
    }
  },
  {
    "model": "product.comment",
    "pk": 11,
    "fields": {
      "content": "no not that much",
      "product": 1,
      "parent_comment": 5,
      "create_datetime": "2023-09-06T10:00:00+00:00",
      "modify_datetime": "2023-09-19T10:00:00+00:00"
    }
  }
]